<?xml version="1.0" encoding="utf-8"?>
<eml:eml xmlns:eml="eml://ecoinformatics.org/eml-2.1.1" xmlns:xsi="http://www.w3.org/2001/XMLSchema-instance"
         xsi:schemaLocation="eml://ecoinformatics.org/eml-2.1.1 http://rs.gbif.org/schema/eml-gbif-profile/1.1/eml.xsd"
        packageId="5733a11d-9286-469c-a9f1-9b21c1e57caa"  system="http://gbif.org" scope="system"
  xml:lang="en">

<dataset>
      <alternateIdentifier>doi:10.15156/bio/587442</alternateIdentifier>
        <alternateIdentifier>5733a11d-9286-469c-a9f1-9b21c1e57caa</alternateIdentifier>
        <alternateIdentifier>doi:10.15468/0kmofg</alternateIdentifier>
        <alternateIdentifier>https://plutof.ut.ee/ipt/resource?r=elm_collections</alternateIdentifier>
    <title>Estonian Museum of Natural History</title>
    <creator>
<organizationName>Estonian Museum of Natural History</organizationName>    <address>
<country>ESTONIA</country>    </address>
    </creator>
    <metadataProvider>
    <individualName>
<givenName>Kessy</givenName>        <surName>Abarenkov</surName>
    </individualName>
<organizationName>Natural History Museum, University of Tartu</organizationName><positionName>Researcher</positionName>    <address>
<country>ESTONIA</country>    </address>
<electronicMailAddress>kessy.abarenkov@ut.ee</electronicMailAddress>    </metadataProvider>
      <pubDate>
      2017-09-06
      </pubDate>
    <language>ENGLISH</language>
    <abstract>
        <para>The collections of the Estonian Museum of Natural History contain nearly 260 000 museum specimens. Approximately 90% of the plant, beetle, butterfly and moth, bird and mammal species found in Estonia are represented in the collections.</para>
    </abstract>
        <keywordSet>
              <keyword>Occurrence</keyword>
              <keywordThesaurus>GBIF Dataset Type Vocabulary: http://rs.gbif.org/vocabulary/gbif/dataset_type.xml</keywordThesaurus>
        </keywordSet>
        <keywordSet>
              <keyword>Specimen</keyword>
              <keywordThesaurus>GBIF Dataset Subtype Vocabulary: http://rs.gbif.org/vocabulary/gbif/dataset_subtype.xml</keywordThesaurus>
        </keywordSet>
      <intellectualRights>
        <para>This work is licensed under a <ulink url="http://creativecommons.org/licenses/by-nc/4.0/legalcode"><citetitle>Creative Commons Attribution Non Commercial (CC-BY-NC) 4.0 License</citetitle></ulink>.</para>
      </intellectualRights>
      <distribution scope="document">
          <online>
              <url function="information">http://www.loodusmuuseum.ee/</url>
          </online>
      </distribution>
      <maintenance>
          <description>
              <para></para>
          </description>
          <maintenanceUpdateFrequency>unkown</maintenanceUpdateFrequency>
      </maintenance>
      <contact>
    <individualName>
<givenName>Allan</givenName>        <surName>Zirk</surName>
    </individualName>
<organizationName>Natural History Museum, University of Tartu</organizationName><positionName>Senior Specialist</positionName>    <address>
<country>ESTONIA</country>    </address>
<electronicMailAddress>allan.zirk@ut.ee</electronicMailAddress>      </contact>

</dataset>

<additionalMetadata>
    <metadata>
      <gbif>
        <dateStamp>2017-09-16T20:31:05Z</dateStamp>
      <citation>Natural History Museum, University of Tartu (2017). Estonian Museum of Natural History. Version 1.11. Occurrence Dataset https://doi.org/10.15156/bio/587442 accessed via GBIF.org on 2017-09-16.</citation>
              <resourceLogoUrl>https://plutof.ut.ee/ipt/logo.do?r=elm_collections</resourceLogoUrl>
              <collection>
                <parentCollectionIdentifier></parentCollectionIdentifier>
                <collectionIdentifier></collectionIdentifier>
                <collectionName>Zooloogical collections</collectionName>
              </collection>
              <collection>
                <parentCollectionIdentifier></parentCollectionIdentifier>
                <collectionIdentifier></collectionIdentifier>
                <collectionName>Botanical collections</collectionName>
              </collection>
              <collection>
                <parentCollectionIdentifier></parentCollectionIdentifier>
                <collectionIdentifier></collectionIdentifier>
                <collectionName>Geological collections</collectionName>
              </collection>
              <collection>
                <parentCollectionIdentifier></parentCollectionIdentifier>
                <collectionIdentifier></collectionIdentifier>
                <collectionName>Mycological collections</collectionName>
              </collection>
        </gbif>
    </metadata>
</additionalMetadata>

</eml:eml>
