<?xml version="1.0" encoding="utf-8"?>
<eml:eml xmlns:eml="eml://ecoinformatics.org/eml-2.1.1" xmlns:xsi="http://www.w3.org/2001/XMLSchema-instance"
         xsi:schemaLocation="eml://ecoinformatics.org/eml-2.1.1 http://rs.gbif.org/schema/eml-gbif-profile/1.1/eml.xsd"
        packageId="5e678e86-5338-4d2b-bf82-92aa17e8b7f5"  system="http://gbif.org" scope="system"
  xml:lang="en">

<dataset>
      <alternateIdentifier>doi:10.15468/kpuxjs</alternateIdentifier>
    <title>SMNS Palaeontological collection - Fossil mammals</title>
    <associatedParty>
    <address>
<deliveryPoint>State Museum of Natural History Stuttgart (Staatliches Museum für Naturkunde Stuttgart, SMNS), Rosenstein 1, 70191 Stuttgart, Germany</deliveryPoint>    </address>
<phone>049 711 8936287</phone><electronicMailAddress>angela.jandl(at)smns-bw.de</electronicMailAddress>    <role>TECHNICAL_POINT_OF_CONTACT</role>
    </associatedParty>
    <language>en</language>
    <abstract>
        <para></para>
    </abstract>
      <intellectualRights>
        <para>This work is licensed under a <ulink url="http://creativecommons.org/licenses/by/4.0/legalcode"><citetitle>Creative Commons Attribution (CC-BY) 4.0 License</citetitle></ulink>.</para>
      </intellectualRights>
      <contact>
    <address>
<deliveryPoint>State Museum of Natural History Stuttgart (Staatliches Museum für Naturkunde Stuttgart, SMNS), Rosenstein 1, 70191 Stuttgart, Germany</deliveryPoint>    </address>
<electronicMailAddress>reinhard.ziegler(at)smns-bw.de</electronicMailAddress>      </contact>

</dataset>

<additionalMetadata>
    <metadata>
      <gbif>
        <dateStamp>2017-09-16T20:31:08Z</dateStamp>
      <citation>Staatliches Museum für Naturkunde Stuttgart. SMNS Palaeontological collection - Fossil mammals. Occurrence Dataset https://doi.org/10.15468/kpuxjs accessed via GBIF.org on 2017-09-16.</citation>
        </gbif>
    </metadata>
</additionalMetadata>

</eml:eml>
