<?xml version="1.0" encoding="utf-8"?>
<eml:eml xmlns:eml="eml://ecoinformatics.org/eml-2.1.1" xmlns:xsi="http://www.w3.org/2001/XMLSchema-instance"
         xsi:schemaLocation="eml://ecoinformatics.org/eml-2.1.1 http://rs.gbif.org/schema/eml-gbif-profile/1.1/eml.xsd"
        packageId="835ff8be-ea5c-45e4-b3f3-126852ac56fe"  system="http://gbif.org" scope="system"
  xml:lang="en">

<dataset>
      <alternateIdentifier>doi:10.15468/awwifu</alternateIdentifier>
        <alternateIdentifier>http://ipt.vertnet.org:8080/ipt/resource?r=nysm_mammals</alternateIdentifier>
        <alternateIdentifier>http://ipt.vertnet.org:8080/ipt/resource.do?r=nysm_mammals</alternateIdentifier>
        <alternateIdentifier>835ff8be-ea5c-45e4-b3f3-126852ac56fe</alternateIdentifier>
        <alternateIdentifier>13666</alternateIdentifier>
    <title>NYSM Mammals</title>
    <creator>
    <individualName>
<givenName>Ellen</givenName>        <surName>Stevens</surName>
    </individualName>
<organizationName>New York State Museum</organizationName><positionName>Collections Information Manager</positionName>    <address>
<deliveryPoint>3140 Cultural Education Center</deliveryPoint><city>Albany</city><administrativeArea>NY</administrativeArea><postalCode>12230</postalCode><country>UNITED_STATES</country>    </address>
<phone>518-408-1522</phone><electronicMailAddress>ellen.stevens@nysed.gov</electronicMailAddress><onlineUrl>http://www.nysm.nysed.gov/research-collections/biology/mammalogy/collections</onlineUrl>    </creator>
    <metadataProvider>
    <individualName>
<givenName>David</givenName>        <surName>Gerhard</surName>
    </individualName>
<organizationName>New York State Museum</organizationName><positionName>Director, Technology Center</positionName>    <address>
<deliveryPoint>3140 Cultural Education Center</deliveryPoint><city>Albany</city><administrativeArea>NY</administrativeArea><postalCode>12230</postalCode><country>UNITED_STATES</country>    </address>
<phone>5184745818</phone><electronicMailAddress>dgerhard@mail.nysed.gov</electronicMailAddress><onlineUrl>http://www.nysm.nysed.gov/research-collections/biology/mammalogy/collections</onlineUrl>    </metadataProvider>
    <associatedParty>
    <individualName>
<givenName>David</givenName>        <surName>Bloom</surName>
    </individualName>
<organizationName>VertNet</organizationName><positionName>VertNet Programmer</positionName><electronicMailAddress>dbloom@vertnet.org</electronicMailAddress>    <role>PROGRAMMER</role>
    </associatedParty>
    <associatedParty>
    <individualName>
<givenName>David</givenName>        <surName>Bloom</surName>
    </individualName>
<organizationName>VertNet</organizationName><positionName>VertNet Coordinator</positionName><electronicMailAddress>dbloom@vertnet.org</electronicMailAddress>    <role>PROGRAMMER</role>
    </associatedParty>
    <associatedParty>
    <individualName>
<givenName>John</givenName>        <surName>Wieczorek</surName>
    </individualName>
<organizationName>Museum of Vertebrate Zoology, UC Berkeley</organizationName><positionName>Information Architect</positionName>    <address>
<deliveryPoint>3101 VLSB</deliveryPoint><city>Berkeley</city><administrativeArea>CA</administrativeArea><postalCode>94720</postalCode><country>UNITED_STATES</country>    </address>
<electronicMailAddress>tuco@berkeley.edu</electronicMailAddress>    <role>PROGRAMMER</role>
    </associatedParty>
      <pubDate>
      2016-12-22
      </pubDate>
    <language>ENGLISH</language>
    <abstract>
        <para>Museum specimens including skins, skeletons, fluid preservations, and frozen tissue.</para>
    </abstract>
        <keywordSet>
              <keyword>Occurrence</keyword>
              <keywordThesaurus>GBIF Dataset Type Vocabulary: http://rs.gbif.org/vocabulary/gbif/dataset_type.xml</keywordThesaurus>
        </keywordSet>
        <keywordSet>
              <keyword>Specimen</keyword>
              <keywordThesaurus>GBIF Dataset Subtype Vocabulary: http://rs.gbif.org/vocabulary/gbif/dataset_subtype.xml</keywordThesaurus>
        </keywordSet>
      <additionalInfo>
          <para>The New York State Museum (http://www.nysm.nysed.gov) is part of the Office of Cultural Education (http://www.oce.nysed.gov) within the New York State Education Department (http://www.nysed.gov).

http://vertnet.org/resources/norms.html</para>
      </additionalInfo>
      <intellectualRights>
        <para>To the extent possible under law, the publisher has waived all rights to these data and has dedicated them to the <ulink url="http://creativecommons.org/publicdomain/zero/1.0/legalcode"><citetitle>Public Domain (CC0 1.0)</citetitle></ulink>. Users may copy, modify, distribute and use the work, including for commercial purposes, without restriction.</para>
      </intellectualRights>
      <maintenance>
          <description>
              <para></para>
          </description>
          <maintenanceUpdateFrequency>unkown</maintenanceUpdateFrequency>
      </maintenance>
      <contact>
    <individualName>
<givenName>Joe</givenName>        <surName>Bopp</surName>
    </individualName>
<organizationName>New York State Museum</organizationName><positionName>Collections Manager, Mammalogy and Ornithology</positionName>    <address>
<deliveryPoint>3140 Cultural Education Center</deliveryPoint><city>Albany</city><administrativeArea>NY</administrativeArea><postalCode>12230</postalCode><country>UNITED_STATES</country>    </address>
<phone>5184862005</phone><electronicMailAddress>joseph.bopp@nysed.gov</electronicMailAddress><onlineUrl>http://www.nysm.nysed.gov/research-collections/biology/mammalogy/collections</onlineUrl>      </contact>

</dataset>

<additionalMetadata>
    <metadata>
      <gbif>
        <dateStamp>2017-09-16T20:31:03Z</dateStamp>
      <citation>Stevens E, Gerhard D (2016). NYSM Mammals. Version 16.1. New York State Museum (NYSM). Occurrence Dataset https://doi.org/10.15468/awwifu accessed via GBIF.org on 2017-09-16.</citation>
              <resourceLogoUrl>http://vertnet.nhm.ku.edu:8080/ipt/logo.do?r=nysm_mammals</resourceLogoUrl>
        </gbif>
    </metadata>
</additionalMetadata>

</eml:eml>
