<?xml version="1.0" encoding="utf-8"?>
<eml:eml xmlns:eml="eml://ecoinformatics.org/eml-2.1.1" xmlns:xsi="http://www.w3.org/2001/XMLSchema-instance"
         xsi:schemaLocation="eml://ecoinformatics.org/eml-2.1.1 http://rs.gbif.org/schema/eml-gbif-profile/1.1/eml.xsd"
        packageId="8370042a-f762-11e1-a439-00145eb45e9a"  system="http://gbif.org" scope="system"
  xml:lang="en">

<dataset>
      <alternateIdentifier>doi:10.15468/uj5ph6</alternateIdentifier>
        <alternateIdentifier>273</alternateIdentifier>
    <title>Fonoteca Zoológica, Museo Nacional de Ciencias Naturales, Madrid: MAMMALIA_FZ</title>
    <language>en</language>
    <abstract>
        <para>La FONOTECA ZOOLOGICA recopila, clasifica y almacena los registros sonoros de los principales animales acústicos, aves, anfibios, insectos y mamíferos, en las denominadas colecciones bioacústicas. Así se conserva y actualiza la información, garantizando el acceso a la misma y ofreciendo una nueva herramienta de investigación de gran utilidad en los diferentes campos de la biología. METODOLOGIA. Todas las grabaciones en soporte vinilo, bobina, casete o DAT son sometidas a un proceso de digitalización y posterior edición y análisis espectrográfico para separar los distintos registros correspondientes a cada individuo de cada especie animal registrada en la grabación. La información referente a cada registro se introduce en una base de datos para permitir búsquedas por criterios taxonómicos y geográficos. Todos los registros procesados son numerados y almacenados en soporte disco compacto. La fonoteca se compone de dos colecciones, una de registros propios y otra de registros publicados. COLECCIONES. Los registros almacenados en la Fonoteca pueden dividirse en dos grupos según su origen. Por un lado están recopiladas todas las grabaciones que han sido publicadas en todo el mundo hasta la fecha. La colección de grabaciones publicadas se compone de 707 volúmenes (casete, vinilo y CD) con sonidos de animales de todas las partes del mundo, y cuenta con más de 24.000 registros, predominando las grabaciones de aves. Por otro lado se encuentra la colección de registros propios, compuesta por las grabaciones realizadas por el personal investigador de la Fonoteca y del Museo Nacional de Ciencias Naturales, así como grabaciones aportadas por investigadores de otros centros. Esta colección cuenta con más de 5.000 registros indizados. http://www.fonozoo.com</para>
    </abstract>
      <intellectualRights>
        <para>This work is licensed under a <ulink url="http://creativecommons.org/licenses/by-nc/4.0/legalcode"><citetitle>Creative Commons Attribution Non Commercial (CC-BY-NC) 4.0 License</citetitle></ulink>.</para>
      </intellectualRights>
      <distribution scope="document">
          <online>
              <url function="information">http://www.fonozoo.com</url>
          </online>
      </distribution>
      <contact>
<phone>34 91 4111328 ext. 1256 y 1257</phone><electronicMailAddress>fonoteca-zoologica@mncn.csic.es</electronicMailAddress>      </contact>
      <contact>
<phone>34 91 4111328 ext. 1256 y 1257</phone><electronicMailAddress>fonoteca-zoologica@mncn.csic.es</electronicMailAddress>      </contact>

</dataset>

<additionalMetadata>
    <metadata>
      <gbif>
        <dateStamp>2017-09-16T20:31:09Z</dateStamp>
      <citation>Zoologic Audio, National Museum of Natural Science. Fonoteca Zoológica, Museo Nacional de Ciencias Naturales, Madrid: MAMMALIA_FZ. Occurrence Dataset https://doi.org/10.15468/uj5ph6 accessed via GBIF.org on 2017-09-16.</citation>
        </gbif>
    </metadata>
</additionalMetadata>

</eml:eml>
