<?xml version="1.0" encoding="utf-8"?>
<eml:eml xmlns:eml="eml://ecoinformatics.org/eml-2.1.1" xmlns:xsi="http://www.w3.org/2001/XMLSchema-instance"
         xsi:schemaLocation="eml://ecoinformatics.org/eml-2.1.1 http://rs.gbif.org/schema/eml-gbif-profile/1.1/eml.xsd"
        packageId="84a4404a-f762-11e1-a439-00145eb45e9a"  system="http://gbif.org" scope="system"
  xml:lang="en">

<dataset>
      <alternateIdentifier>doi:10.15468/8jayua</alternateIdentifier>
        <alternateIdentifier>614</alternateIdentifier>
    <title>Mammal collection of National Museum of Nature and Science</title>
    <associatedParty>
<positionName>Curator</positionName><phone>+81-3-3364-7127</phone><electronicMailAddress>kawada@kahaku.go.jp</electronicMailAddress>    </associatedParty>
    <associatedParty>
<positionName>Curator</positionName><phone>+81-3-3364-7127</phone><electronicMailAddress>kawada@kahaku.go.jp</electronicMailAddress>    </associatedParty>
    <language>en</language>
    <abstract>
        <para>Mammal specimens deposited at the Department of Zoology, National Museum of Nature and Science</para>
    </abstract>
      <intellectualRights>
        <para>This work is licensed under a <ulink url="http://creativecommons.org/licenses/by/4.0/legalcode"><citetitle>Creative Commons Attribution (CC-BY) 4.0 License</citetitle></ulink>.</para>
      </intellectualRights>
      <distribution scope="document">
          <online>
              <url function="information">http://www.kahaku.go.jp/english/</url>
          </online>
      </distribution>

</dataset>

<additionalMetadata>
    <metadata>
      <gbif>
        <dateStamp>2017-09-16T20:31:00Z</dateStamp>
      <citation>National Museum of Nature and Science, Japan. Mammal collection of National Museum of Nature and Science. Occurrence Dataset https://doi.org/10.15468/8jayua accessed via GBIF.org on 2017-09-16.</citation>
        </gbif>
    </metadata>
</additionalMetadata>

</eml:eml>
