<?xml version="1.0" encoding="utf-8"?>
<eml:eml xmlns:eml="eml://ecoinformatics.org/eml-2.1.1" xmlns:xsi="http://www.w3.org/2001/XMLSchema-instance"
         xsi:schemaLocation="eml://ecoinformatics.org/eml-2.1.1 http://rs.gbif.org/schema/eml-gbif-profile/1.1/eml.xsd"
        packageId="84f4df14-f762-11e1-a439-00145eb45e9a"  system="http://gbif.org" scope="system"
  xml:lang="en">

<dataset>
      <alternateIdentifier>doi:10.15468/5svoyn</alternateIdentifier>
        <alternateIdentifier>771</alternateIdentifier>
    <title>Animal observations</title>
    <associatedParty>
<positionName>Dr.</positionName><phone>+45-28751479</phone><electronicMailAddress>hannu@bioshare.com</electronicMailAddress>    </associatedParty>
    <associatedParty>
<positionName>Mr.</positionName><phone>+358-40-5337834</phone><electronicMailAddress>os@sumu.org</electronicMailAddress>    </associatedParty>
    <language>en</language>
    <abstract>
        <para>Sightings of animals around the world by Hannu Saarenmaa and his friends.</para>
    </abstract>
      <intellectualRights>
        <para>This work is licensed under a <ulink url="http://creativecommons.org/licenses/by/4.0/legalcode"><citetitle>Creative Commons Attribution (CC-BY) 4.0 License</citetitle></ulink>.</para>
      </intellectualRights>
      <distribution scope="document">
          <online>
              <url function="information">http://www.bioshare.net/dabuh/semf/resource225238</url>
          </online>
      </distribution>

</dataset>

<additionalMetadata>
    <metadata>
      <gbif>
        <dateStamp>2017-09-16T20:30:58Z</dateStamp>
      <citation>Department of Forest Sciences. Animal observations. Occurrence Dataset https://doi.org/10.15468/5svoyn accessed via GBIF.org on 2017-09-16.</citation>
        </gbif>
    </metadata>
</additionalMetadata>

</eml:eml>
