<?xml version="1.0" encoding="utf-8"?>
<eml:eml xmlns:eml="eml://ecoinformatics.org/eml-2.1.1" xmlns:xsi="http://www.w3.org/2001/XMLSchema-instance"
         xsi:schemaLocation="eml://ecoinformatics.org/eml-2.1.1 http://rs.gbif.org/schema/eml-gbif-profile/1.1/eml.xsd"
        packageId="8c6f6886-f762-11e1-a439-00145eb45e9a"  system="http://gbif.org" scope="system"
  xml:lang="en">

<dataset>
      <alternateIdentifier>doi:10.1594/pangaea.63626</alternateIdentifier>
        <alternateIdentifier>6085</alternateIdentifier>
    <title>Occurrence of mammalia relicts at site Krapina</title>
    <associatedParty>
    </associatedParty>
    <language>en</language>
    <abstract>
        <para></para>
    </abstract>
      <intellectualRights>
        <para>This work is licensed under a <ulink url="http://creativecommons.org/licenses/by/4.0/legalcode"><citetitle>Creative Commons Attribution (CC-BY) 4.0 License</citetitle></ulink>.</para>
      </intellectualRights>
      <distribution scope="document">
          <online>
              <url function="information">http://doi.pangaea.de/doi:10.1594/PANGAEA.63626</url>
          </online>
      </distribution>

</dataset>

<additionalMetadata>
    <metadata>
      <gbif>
        <dateStamp>2017-09-16T20:30:59Z</dateStamp>
      <citation>PANGAEA - Publishing Network for Geoscientific and Environmental Data. Occurrence of mammalia relicts at site Krapina. Occurrence Dataset https://doi.org/10.1594/pangaea.63626 accessed via GBIF.org on 2017-09-16.</citation>
        </gbif>
    </metadata>
</additionalMetadata>

</eml:eml>
