<?xml version="1.0" encoding="utf-8"?>
<eml:eml xmlns:eml="eml://ecoinformatics.org/eml-2.1.1" xmlns:xsi="http://www.w3.org/2001/XMLSchema-instance"
         xsi:schemaLocation="eml://ecoinformatics.org/eml-2.1.1 http://rs.gbif.org/schema/eml-gbif-profile/1.1/eml.xsd"
        packageId="8f7e3c45-4d76-4982-9478-651439e0cd4b"  system="http://gbif.org" scope="system"
  xml:lang="en">

<dataset>
      <alternateIdentifier>doi:10.15156/bio/587444</alternateIdentifier>
        <alternateIdentifier>8f7e3c45-4d76-4982-9478-651439e0cd4b</alternateIdentifier>
        <alternateIdentifier>doi:10.15468/rmq4ac</alternateIdentifier>
        <alternateIdentifier>https://plutof.ut.ee/ipt/resource?r=ut_nhm_ollections</alternateIdentifier>
    <title>Natural History Museum, University of Tartu</title>
    <creator>
<organizationName>Natural History Museum, University of Tartu</organizationName>    <address>
<country>ESTONIA</country>    </address>
    </creator>
    <metadataProvider>
    <individualName>
<givenName>Kessy</givenName>        <surName>Abarenkov</surName>
    </individualName>
<electronicMailAddress>kessy.abarenkov@ut.ee</electronicMailAddress>    </metadataProvider>
      <pubDate>
      2017-09-06
      </pubDate>
    <language>ENGLISH</language>
    <abstract>
        <para>Museum stores over one million preserved and living specimens of plants, fungi, animals, fossils and rocks.</para>
    </abstract>
        <keywordSet>
              <keyword>Occurrence</keyword>
              <keywordThesaurus>GBIF Dataset Type Vocabulary: http://rs.gbif.org/vocabulary/gbif/dataset_type.xml</keywordThesaurus>
        </keywordSet>
        <keywordSet>
              <keyword>Specimen</keyword>
              <keywordThesaurus>GBIF Dataset Subtype Vocabulary: http://rs.gbif.org/vocabulary/gbif/dataset_subtype.xml</keywordThesaurus>
        </keywordSet>
      <intellectualRights>
        <para>This work is licensed under a <ulink url="http://creativecommons.org/licenses/by-nc/4.0/legalcode"><citetitle>Creative Commons Attribution Non Commercial (CC-BY-NC) 4.0 License</citetitle></ulink>.</para>
      </intellectualRights>
      <distribution scope="document">
          <online>
              <url function="information">http://www.natmuseum.ut.ee/</url>
          </online>
      </distribution>
      <maintenance>
          <description>
              <para></para>
          </description>
          <maintenanceUpdateFrequency>unkown</maintenanceUpdateFrequency>
      </maintenance>
      <contact>
    <individualName>
<givenName>Allan</givenName>        <surName>Zirk</surName>
    </individualName>
<organizationName>Natural History Museum, University of Tartu</organizationName><positionName>Senior Specialist</positionName>    <address>
<country>ESTONIA</country>    </address>
<electronicMailAddress>allan.zirk@ut.ee</electronicMailAddress>      </contact>

</dataset>

<additionalMetadata>
    <metadata>
      <gbif>
        <dateStamp>2017-09-16T20:30:50Z</dateStamp>
      <citation>Natural History Museum, University of Tartu (2017). Natural History Museum, University of Tartu. Version 1.13. Occurrence Dataset https://doi.org/10.15156/bio/587444 accessed via GBIF.org on 2017-09-16.</citation>
              <resourceLogoUrl>http://www.natmuseum.ut.ee/sites/all/themes/musuem_nature/logo.png</resourceLogoUrl>
              <collection>
                <parentCollectionIdentifier></parentCollectionIdentifier>
                <collectionIdentifier></collectionIdentifier>
                <collectionName>Zoological collections</collectionName>
              </collection>
              <collection>
                <parentCollectionIdentifier></parentCollectionIdentifier>
                <collectionIdentifier></collectionIdentifier>
                <collectionName>Botanical collections</collectionName>
              </collection>
              <collection>
                <parentCollectionIdentifier></parentCollectionIdentifier>
                <collectionIdentifier></collectionIdentifier>
                <collectionName>Geological collections</collectionName>
              </collection>
              <collection>
                <parentCollectionIdentifier></parentCollectionIdentifier>
                <collectionIdentifier></collectionIdentifier>
                <collectionName>Mycological collections</collectionName>
              </collection>
        </gbif>
    </metadata>
</additionalMetadata>

</eml:eml>
