<?xml version="1.0" encoding="utf-8"?>
<eml:eml xmlns:eml="eml://ecoinformatics.org/eml-2.1.1" xmlns:xsi="http://www.w3.org/2001/XMLSchema-instance"
         xsi:schemaLocation="eml://ecoinformatics.org/eml-2.1.1 http://rs.gbif.org/schema/eml-gbif-profile/1.1/eml.xsd"
        packageId="e6c97f6e-e952-11e2-961f-00145eb45e9a"  system="http://gbif.org" scope="system"
  xml:lang="en">

<dataset>
      <alternateIdentifier>doi:10.15468/ee6ps6</alternateIdentifier>
        <alternateIdentifier>15040</alternateIdentifier>
    <title>Anymals+plants - Citizen Science Data</title>
    <associatedParty>
    <address>
    </address>
<electronicMailAddress>info@anymals.org</electronicMailAddress>    <role>TECHNICAL_POINT_OF_CONTACT</role>
    </associatedParty>
    <language>en</language>
    <abstract>
        <para></para>
    </abstract>
      <intellectualRights>
        <para>This work is licensed under a <ulink url="http://creativecommons.org/licenses/by-nc/4.0/legalcode"><citetitle>Creative Commons Attribution Non Commercial (CC-BY-NC) 4.0 License</citetitle></ulink>.</para>
      </intellectualRights>
      <contact>
    <address>
    </address>
<electronicMailAddress>daniel@anymals.org</electronicMailAddress>      </contact>

</dataset>

<additionalMetadata>
    <metadata>
      <gbif>
        <dateStamp>2017-09-16T20:30:54Z</dateStamp>
      <citation>Museum für Naturkunde Berlin. Anymals+plants - Citizen Science Data. Occurrence Dataset https://doi.org/10.15468/ee6ps6 accessed via GBIF.org on 2017-09-16.</citation>
        </gbif>
    </metadata>
</additionalMetadata>

</eml:eml>
