<?xml version="1.0" encoding="utf-8"?>
<eml:eml xmlns:eml="eml://ecoinformatics.org/eml-2.1.1" xmlns:xsi="http://www.w3.org/2001/XMLSchema-instance"
         xsi:schemaLocation="eml://ecoinformatics.org/eml-2.1.1 http://rs.gbif.org/schema/eml-gbif-profile/1.1/eml.xsd"
        packageId="10.15468/dl.jkzelw"  system="http://gbif.org" scope="system"
  xml:lang="en">

<dataset>
        <alternateIdentifier>0008257-170826194755519</alternateIdentifier>
    <title>GBIF Occurrence Download 10.15468/dl.jkzelw</title>
    <creator>
    <individualName>
        <surName>GBIF Download Service</surName>
    </individualName>
<electronicMailAddress>support@gbif.org</electronicMailAddress>    </creator>
    <metadataProvider>
    <individualName>
        <surName>GBIF Download Service</surName>
    </individualName>
<electronicMailAddress>support@gbif.org</electronicMailAddress>    </metadataProvider>
    <associatedParty>
    <individualName>
<givenName>Melanie</givenName>        <surName>Bucci</surName>
    </individualName>
<organizationName>University of Arizona Museum of Natural History</organizationName><positionName>Collection Manager</positionName>    <address>
<deliveryPoint>Rm. 310 Bioscience West, The University of Arizona</deliveryPoint><city>Tucson</city><administrativeArea>Arizona</administrativeArea><postalCode>85721</postalCode><country>UNITED_STATES</country>    </address>
<phone>520-621-7291</phone><electronicMailAddress>mebucci@email.arizona.edu</electronicMailAddress><onlineUrl>http://www.eebweb.arizona.edu/Collections/Mammal.htm</onlineUrl>    <role>CONTENT_PROVIDER</role>
    </associatedParty>
    <associatedParty>
    <individualName>
<givenName>Isidore Ogoudje</givenName>        <surName>AMAHOWE</surName>
    </individualName>
<organizationName>Direction Générale des Eaux, Forêts et Chasse</organizationName><positionName>Research assistant</positionName>    <address>
<city>Cotonou</city><administrativeArea>Littoral</administrativeArea><postalCode>229</postalCode><country>BENIN</country>    </address>
<phone>+22994507890</phone><electronicMailAddress>ogoudje.amahowe@gmail.com</electronicMailAddress>    <role>CONTENT_PROVIDER</role>
    </associatedParty>
    <associatedParty>
<organizationName>Natural History Museum, University of Tartu</organizationName>    <address>
<country>ESTONIA</country>    </address>
    <role>CONTENT_PROVIDER</role>
    </associatedParty>
    <associatedParty>
    <individualName>
<givenName>Klaas</givenName>        <surName>Manamela</surName>
    </individualName>
<organizationName>Ditsong National Museum</organizationName><positionName>Project manager</positionName>    <address>
<deliveryPoint>432 Visagie Street</deliveryPoint><city>Pretoria</city><administrativeArea>Gauteng</administrativeArea><postalCode>0001</postalCode><country>SOUTH_AFRICA</country>    </address>
<phone>012 322 7632</phone><electronicMailAddress>kmanamela@ditsong.org.za</electronicMailAddress><onlineUrl>http://www.ditsong.org.za/naturalhistory.htm</onlineUrl>    <role>CONTENT_PROVIDER</role>
    </associatedParty>
    <associatedParty>
    <individualName>
<givenName>Joyce</givenName>        <surName>Gross</surName>
    </individualName>
<organizationName>UC Berkeley Natural History Museums</organizationName><positionName>Programmer</positionName>    <role>CONTENT_PROVIDER</role>
    </associatedParty>
    <associatedParty>
    <individualName>
<givenName>Anders</givenName>        <surName>Telenius</surName>
    </individualName>
<organizationName>Swedish Museum of Natural History</organizationName><positionName>Node manager</positionName>    <address>
<country>SWEDEN</country>    </address>
<electronicMailAddress>anders.telenius@nrm.se</electronicMailAddress>    <role>CONTENT_PROVIDER</role>
    </associatedParty>
    <associatedParty>
    <individualName>
<givenName>Javier</givenName>        <surName>Quesada Lara</surName>
    </individualName>
<organizationName>Museu de Ciències Naturals de Barcelona</organizationName><positionName>Conservador</positionName>    <address>
<deliveryPoint>Passeig Picasso s/n</deliveryPoint><city>Barcelona</city><administrativeArea>Catalunya</administrativeArea><postalCode>E-08003</postalCode><country>SPAIN</country>    </address>
<phone>+34 932562224</phone><electronicMailAddress>jquesadal@bcn.cat</electronicMailAddress><onlineUrl>http://www.museuciencies.cat</onlineUrl>    <role>CONTENT_PROVIDER</role>
    </associatedParty>
    <associatedParty>
    <individualName>
<givenName>Christy</givenName>        <surName>McCain</surName>
    </individualName>
<organizationName>University of Colorado Museum of Natural History</organizationName><positionName>Curator of Vertebrate Zoology</positionName>    <address>
<deliveryPoint>Henderson Building, 15th and Broadway</deliveryPoint><city>Boulder</city><administrativeArea>CO</administrativeArea><postalCode>80309</postalCode><country>UNITED_STATES</country>    </address>
<phone>303-735-1016</phone><electronicMailAddress>christy.mccain@colorado.edu</electronicMailAddress><onlineUrl>http://cumuseum.colorado.edu/</onlineUrl>    <role>CONTENT_PROVIDER</role>
    </associatedParty>
    <associatedParty>
    <individualName>
<givenName>Tapani</givenName>        <surName>Lahti</surName>
    </individualName>
<organizationName>Finnish Museum of Natural History</organizationName><positionName>Data Manager</positionName>    <address>
<deliveryPoint>P.O.Box 17</deliveryPoint><city>Helsinki</city><postalCode>00014 University of Helsinki</postalCode><country>FINLAND</country>    </address>
<phone>+358505979250</phone><electronicMailAddress>tapani.lahti@helsinki.fi</electronicMailAddress>    <role>CONTENT_PROVIDER</role>
    </associatedParty>
    <associatedParty>
    <individualName>
        <surName>University of Alberta Museums</surName>
    </individualName>
    <address>
<deliveryPoint>Ring House 1, Museums and Collections Services, University of Alberta</deliveryPoint><city>Edmonton</city><administrativeArea>Alberta</administrativeArea><postalCode>T6G 2E1</postalCode><country>CANADA</country>    </address>
<phone>780-492-5834</phone><electronicMailAddress>museums@ualberta.ca</electronicMailAddress><onlineUrl>http://www.museums.ualberta.ca/</onlineUrl>    <role>CONTENT_PROVIDER</role>
    </associatedParty>
    <associatedParty>
    <individualName>
<givenName>Sharon</givenName>        <surName>Grant</surName>
    </individualName>
<organizationName>Field Museum of Natural History</organizationName><positionName>Technology Liaison to Science</positionName>    <address>
<deliveryPoint>1400 S Lake Shore Drive</deliveryPoint><city>Chicago</city><administrativeArea>IL</administrativeArea><postalCode>60605</postalCode><country>UNITED_STATES</country>    </address>
<phone>3126657203</phone><electronicMailAddress>sgrant@fieldmuseum.org</electronicMailAddress><onlineUrl>http://www.fieldmuseum.org</onlineUrl>    <role>CONTENT_PROVIDER</role>
    </associatedParty>
    <associatedParty>
    <individualName>
<givenName>Robert</givenName>        <surName>Dowler</surName>
    </individualName>
<organizationName>Angelo State University</organizationName><positionName>Curator</positionName>    <address>
<deliveryPoint>ASU Station #10890</deliveryPoint><city>San Angelo</city><administrativeArea>Texas</administrativeArea><postalCode>76909-0890</postalCode><country>UNITED_STATES</country>    </address>
<phone>(325) 486-6639</phone><electronicMailAddress>robert.dowler@angelo.edu</electronicMailAddress>    <role>CONTENT_PROVIDER</role>
    </associatedParty>
    <associatedParty>
    <individualName>
<givenName>Heath</givenName>        <surName>Garner</surName>
    </individualName>
<organizationName>Natural Science Research Laboratory, Museum of TTU</organizationName><positionName>Curator of Collections</positionName>    <address>
<deliveryPoint>3301 4th Street, PO Box 43191</deliveryPoint><city>Lubbock</city><administrativeArea>TX</administrativeArea><postalCode>79409</postalCode><country>UNITED_STATES</country>    </address>
<phone>+01 806-742-2486</phone><electronicMailAddress>heath.garner@ttu.edu</electronicMailAddress><onlineUrl>http://www.nsrl.ttu.edu</onlineUrl>    <role>CONTENT_PROVIDER</role>
    </associatedParty>
    <associatedParty>
<organizationName>OZCAM (Online Zoological Collections of Australian Museums) Provider</organizationName><onlineUrl>http://www.ozcam.org.au/</onlineUrl>    <role>CONTENT_PROVIDER</role>
    </associatedParty>
    <associatedParty>
    <individualName>
<givenName>Kelly</givenName>        <surName>Cassidy</surName>
    </individualName>
<organizationName>Charles R. Conner Museum</organizationName><positionName>Curator</positionName>    <address>
<deliveryPoint>School of Biological Sciences, Washington State University, PO Box 644236</deliveryPoint><city>Pullman</city><administrativeArea>WA</administrativeArea><postalCode>99164-4236</postalCode><country>UNITED_STATES</country>    </address>
<phone>+01 509-335-3515</phone><electronicMailAddress>connermuseum@wsu.edu</electronicMailAddress><onlineUrl>http://sbs.wsu.edu/connermuseum</onlineUrl>    <role>CONTENT_PROVIDER</role>
    </associatedParty>
    <associatedParty>
    <individualName>
<givenName>Ogoudje Isidore</givenName>        <surName>AMAHOWE</surName>
    </individualName>
<organizationName>Direction Générale des Eaux, Forêts et Chasse du Bénin</organizationName><positionName>Researcher</positionName>    <address>
<city>Cotonou</city><postalCode>229</postalCode><country>BENIN</country>    </address>
<phone>22994507890</phone><electronicMailAddress>ogoudje.amahowe@gmail.com</electronicMailAddress>    <role>CONTENT_PROVIDER</role>
    </associatedParty>
    <associatedParty>
    <individualName>
<givenName>Doug</givenName>        <surName>Nelson</surName>
    </individualName>
<organizationName>Ohio State University</organizationName><positionName>Director, Assoc. Professor</positionName><electronicMailAddress>nelson.228@osu.edu</electronicMailAddress><onlineUrl>http://blb.osu.edu</onlineUrl>    <role>CONTENT_PROVIDER</role>
    </associatedParty>
    <associatedParty>
    <individualName>
<givenName>Javier</givenName>        <surName>Quesada Lara</surName>
    </individualName>
<organizationName>Museu de Ciències Naturals de Barcelona</organizationName><positionName>Conservador</positionName>    <address>
<deliveryPoint>Passeig Picasso s/n</deliveryPoint><city>Barcelona</city><administrativeArea>Catalunya</administrativeArea><postalCode>E-08003</postalCode><country>SPAIN</country>    </address>
<phone>+34 932562224</phone><electronicMailAddress>jquesadal@bcn.cat</electronicMailAddress><onlineUrl>http://www.museuciencies.cat</onlineUrl>    <role>CONTENT_PROVIDER</role>
    </associatedParty>
    <associatedParty>
    <individualName>
<givenName>Jeroen</givenName>        <surName>Creuwels</surName>
    </individualName>
<organizationName>Naturalis Biodiversity Center</organizationName><positionName>Data manager</positionName>    <address>
<deliveryPoint>PO Box 9517</deliveryPoint><city>Leiden</city><administrativeArea>Zuid Holland</administrativeArea><postalCode>NL-2300 RA</postalCode><country>NETHERLANDS</country>    </address>
<phone>+31.71.7519600</phone><electronicMailAddress>informatiemanagement@naturalis.nl</electronicMailAddress><onlineUrl>http://science.naturalis.nl</onlineUrl>    <role>CONTENT_PROVIDER</role>
    </associatedParty>
    <associatedParty>
    <individualName>
<givenName>Laura</givenName>        <surName>Abraczinskas</surName>
    </individualName>
<organizationName>Michigan State University Museum</organizationName><positionName>Collections Manager</positionName>    <address>
<deliveryPoint>409 West Circle Drive</deliveryPoint><city>East Lansing</city><administrativeArea>MI</administrativeArea><postalCode>48824</postalCode><country>UNITED_STATES</country>    </address>
<phone>+01 517-355-1290</phone><electronicMailAddress>abraczi1@msu.edu</electronicMailAddress><onlineUrl>http://museum.msu.edu/</onlineUrl>    <role>CONTENT_PROVIDER</role>
    </associatedParty>
    <associatedParty>
    <individualName>
<givenName>Chris</givenName>        <surName>Conroy</surName>
    </individualName>
<organizationName>Museum of Vertebrate Zoology, UC Berkeley</organizationName><positionName>Staff Curator of Mammals</positionName>    <address>
<deliveryPoint>3101 Valley Life Science Building</deliveryPoint><city>Berkeley</city><administrativeArea>CA</administrativeArea><postalCode>94720-3160</postalCode><country>UNITED_STATES</country>    </address>
<phone>(510) 643-7709</phone><electronicMailAddress>ondatra@berkeley.edu</electronicMailAddress><onlineUrl>http://mvz.berkeley.edu</onlineUrl>    <role>CONTENT_PROVIDER</role>
    </associatedParty>
    <associatedParty>
    <individualName>
<givenName>Link</givenName>        <surName>Olson</surName>
    </individualName>
<organizationName>University of Alaska Museum</organizationName><positionName>Curator of Mammals</positionName>    <address>
<deliveryPoint>907 Yukon Drive</deliveryPoint><city>Fairbanks</city><administrativeArea>AK</administrativeArea><postalCode>99775-6960</postalCode><country>UNITED_STATES</country>    </address>
<phone>(907) 474-5998</phone><electronicMailAddress>leolson@alaska.edu</electronicMailAddress><onlineUrl>http://linkolson.org/</onlineUrl>    <role>CONTENT_PROVIDER</role>
    </associatedParty>
    <associatedParty>
    <individualName>
<givenName>Bradley</givenName>        <surName>Millen</surName>
    </individualName>
<organizationName>Royal Ontario Museum</organizationName><positionName>Database Technician</positionName>    <address>
<deliveryPoint>100 Queen&apos;s Park</deliveryPoint><city>Toronto</city><administrativeArea>Ontario</administrativeArea><postalCode>M5S 2C6</postalCode><country>CANADA</country>    </address>
<phone>1-416-586-5768</phone><electronicMailAddress>bradm@rom.on.ca</electronicMailAddress>    <role>CONTENT_PROVIDER</role>
    </associatedParty>
    <associatedParty>
    <individualName>
<givenName>Teresa</givenName>        <surName>Mayfield</surName>
    </individualName>
<organizationName>University of Texas at El Paso</organizationName><positionName>Manager, UTEP Biodiversity Collections</positionName>    <address>
<deliveryPoint>500 West University Avenue, Biology Bldg. #222</deliveryPoint><city>El Paso</city><administrativeArea>TX</administrativeArea><postalCode>79968</postalCode><country>UNITED_STATES</country>    </address>
<phone>+01 915-747-5479</phone><electronicMailAddress>tmayfield@utep.edu</electronicMailAddress><onlineUrl>http://www.utep.edu/leb/default.htm</onlineUrl>    <role>CONTENT_PROVIDER</role>
    </associatedParty>
    <associatedParty>
    <individualName>
<givenName>Janet</givenName>        <surName>Braun</surName>
    </individualName>
<organizationName>Sam Noble Oklahoma Museum of Natural History</organizationName><positionName>Curator</positionName>    <address>
<deliveryPoint>2401 Chautauqua Ave.</deliveryPoint><city>Norman</city><administrativeArea>Oklahoma</administrativeArea><postalCode>73072</postalCode><country>UNITED_STATES</country>    </address>
<electronicMailAddress>jkbraun@ou.edu</electronicMailAddress><onlineUrl>http://samnoblemuseum.ou.edu</onlineUrl>    <role>CONTENT_PROVIDER</role>
    </associatedParty>
    <associatedParty>
<organizationName>OZCAM (Online Zoological Collections of Australian Museums) Provider</organizationName><onlineUrl>http://www.ozcam.org.au/</onlineUrl>    <role>CONTENT_PROVIDER</role>
    </associatedParty>
    <associatedParty>
    <individualName>
<givenName>Janet</givenName>        <surName>Braun</surName>
    </individualName>
<organizationName>Sam Noble Oklahoma Museum of Natural History</organizationName><positionName>Curator</positionName>    <address>
<deliveryPoint>2401 Chautauqua Ave.</deliveryPoint><city>Norman</city><administrativeArea>Oklahoma</administrativeArea><postalCode>73072</postalCode><country>UNITED_STATES</country>    </address>
<electronicMailAddress>jkbraun@ou.edu</electronicMailAddress><onlineUrl>http://samnoblemuseum.ou.edu</onlineUrl>    <role>CONTENT_PROVIDER</role>
    </associatedParty>
    <associatedParty>
    <individualName>
<givenName>Thomas</givenName>        <surName>Orrell</surName>
    </individualName>
<organizationName>National Museum of Natural History, Smithsonian Institution</organizationName><positionName>Branch Chief, NMNH Informatics</positionName>    <address>
<deliveryPoint>P.O. Box 37012, MRC 136</deliveryPoint><city>Washington</city><administrativeArea>DC</administrativeArea><postalCode>20013-7012</postalCode><country>UNITED_STATES</country>    </address>
<phone>202-633-2151</phone><electronicMailAddress>orrellt@si.edu</electronicMailAddress><onlineUrl>http://collections.mnh.si.edu</onlineUrl>    <role>CONTENT_PROVIDER</role>
    </associatedParty>
    <associatedParty>
    <individualName>
<givenName>Edwin</givenName>        <surName>Scholes III, Ph.D.</surName>
    </individualName>
<organizationName>Macaulay Library</organizationName><positionName>Curator of Video</positionName>    <address>
<deliveryPoint>Cornell Lab of Ornithology - 159 Sapsucker Woods Road</deliveryPoint><city>Ithaca</city><administrativeArea>NY</administrativeArea><postalCode>14850</postalCode><country>UNITED_STATES</country>    </address>
<phone>+1 607-254-1115</phone><electronicMailAddress>edwin.scholes@cornell.edu</electronicMailAddress><onlineUrl>http://macaulaylibrary.org/</onlineUrl>    <role>CONTENT_PROVIDER</role>
    </associatedParty>
    <associatedParty>
    <individualName>
<givenName>Jeroen</givenName>        <surName>Creuwels</surName>
    </individualName>
<organizationName>Naturalis Biodiversity Center</organizationName><positionName>Data manager</positionName>    <address>
<deliveryPoint>PO Box 9517</deliveryPoint><city>Leiden</city><administrativeArea>Zuid Holland</administrativeArea><postalCode>NL-2300 RA</postalCode><country>NETHERLANDS</country>    </address>
<phone>+31.71.7519600</phone><electronicMailAddress>informatiemanagement@naturalis.nl</electronicMailAddress><onlineUrl>http://science.naturalis.nl</onlineUrl>    <role>CONTENT_PROVIDER</role>
    </associatedParty>
    <associatedParty>
    <individualName>
<givenName>Jeff</givenName>        <surName>Bradley</surName>
    </individualName>
<organizationName>University of Washington Burke Museum</organizationName><positionName>Collection Manager</positionName>    <address>
<deliveryPoint>Box 353010</deliveryPoint><city>Seattle</city><administrativeArea>WA</administrativeArea><postalCode>98195</postalCode><country>UNITED_STATES</country>    </address>
<phone>+1 206-685-7417</phone><electronicMailAddress>jebrad@uw.edu</electronicMailAddress><onlineUrl>http://www.burkemuseum.org/</onlineUrl>    <role>CONTENT_PROVIDER</role>
    </associatedParty>
    <associatedParty>
    <individualName>
<givenName>Gary</givenName>        <surName>Shugart</surName>
    </individualName>
<organizationName>Slater Museum of Natural History, University of Puget Sound</organizationName><positionName>Collections Manager</positionName>    <address>
<deliveryPoint>1500 N. Warner</deliveryPoint><city>Tacoma</city><administrativeArea>WA</administrativeArea><postalCode>98416</postalCode><country>UNITED_STATES</country>    </address>
<phone>+01 253-879-3356</phone><electronicMailAddress>gshugart@pugetsound.edu</electronicMailAddress><onlineUrl>http://www.pugetsound.edu/academics/academic-resources/slater-museum</onlineUrl>    <role>CONTENT_PROVIDER</role>
    </associatedParty>
    <associatedParty>
    <individualName>
<givenName>Joseph</givenName>        <surName>Cook</surName>
    </individualName>
<organizationName>Museum of Southwestern Biology</organizationName><positionName>Curator of Mammals</positionName>    <address>
<deliveryPoint>University of New Mexico</deliveryPoint><city>Albuquerque</city><administrativeArea>NM</administrativeArea><postalCode>87131-0001</postalCode><country>UNITED_STATES</country>    </address>
<phone>(505) 277-1358</phone><electronicMailAddress>cookjose@unm.edu</electronicMailAddress><onlineUrl>http://www.msb.unm.edu/mammals/Cook/</onlineUrl>    <role>CONTENT_PROVIDER</role>
    </associatedParty>
    <associatedParty>
    <individualName>
<givenName>Norm</givenName>        <surName>Slade</surName>
    </individualName>
<organizationName>KU Biodiversity Institute</organizationName><positionName>Curator Emeritus of Mammalogy</positionName>    <address>
<deliveryPoint>1345 Jayhawk Blvd</deliveryPoint><city>Lawrence</city><administrativeArea>KS</administrativeArea><postalCode>66045</postalCode><country>UNITED_STATES</country>    </address>
<phone>+01 785-864-3673</phone><electronicMailAddress>slade@ku.edu</electronicMailAddress><onlineUrl>http://mammalogy.biodiversity.ku.edu/</onlineUrl>    <role>CONTENT_PROVIDER</role>
    </associatedParty>
    <associatedParty>
    <individualName>
<givenName>Rui</givenName>        <surName>Figueira</surName>
    </individualName>
<organizationName>Instituto de Investigação Científica Tropical</organizationName><positionName>Researcher</positionName>    <address>
<deliveryPoint>Trav. Conde da Ribeira 9</deliveryPoint><city>Lisboa</city><postalCode>1300-142</postalCode><country>PORTUGAL</country>    </address>
<phone>+351-213616340</phone><electronicMailAddress>rui.figueira@iict.pt</electronicMailAddress><onlineUrl>http://maerua.iict.pt/colecoes</onlineUrl>    <role>CONTENT_PROVIDER</role>
    </associatedParty>
    <associatedParty>
    <individualName>
        <surName>MNHN</surName>
    </individualName>
<organizationName>MNHN</organizationName><positionName>Provider</positionName>    <role>CONTENT_PROVIDER</role>
    </associatedParty>
    <associatedParty>
    <individualName>
<givenName>Paterne</givenName>        <surName>Kiki</surName>
    </individualName>
<organizationName>University of Abomey-Calavi. Faculty of Agricultural Sciences</organizationName><positionName>Research assistant</positionName>    <address>
<deliveryPoint>BP 393 Cotonou</deliveryPoint><postalCode>229</postalCode><country>BENIN</country>    </address>
<electronicMailAddress>kikipaternep@gmail.com</electronicMailAddress>    <role>CONTENT_PROVIDER</role>
    </associatedParty>
    <associatedParty>
    <individualName>
<givenName>Gretchen</givenName>        <surName>Knapp</surName>
    </individualName>
<organizationName>John Wesley Powell-Dale Birkenholz Natural History Collections</organizationName><positionName>Collections Manager</positionName>    <address>
<deliveryPoint>411 SLB (Science Lab Building)</deliveryPoint><city>Normal</city><administrativeArea>IL</administrativeArea><postalCode>61790-4120</postalCode><country>UNITED_STATES</country>    </address>
<phone>+01 309-438-5556</phone><electronicMailAddress>geknapp@ilstu.edu</electronicMailAddress><onlineUrl>http://bio.illinoisstate.edu/facilities/naturalhistory/index.shtml</onlineUrl>    <role>CONTENT_PROVIDER</role>
    </associatedParty>
    <associatedParty>
    <individualName>
<givenName>Collection</givenName>        <surName>Enquiries</surName>
    </individualName>
<organizationName>Auckland Museum</organizationName><positionName>Collection manager</positionName>    <address>
<country>NEW_ZEALAND</country>    </address>
<electronicMailAddress>CollectionEnquiries@aucklandmuseum.com</electronicMailAddress>    <role>CONTENT_PROVIDER</role>
    </associatedParty>
    <associatedParty>
    <individualName>
<givenName>Ludovic</givenName>        <surName>Besson</surName>
    </individualName>
<organizationName>BOUM</organizationName><positionName>Collection Manager / Responsable des collections</positionName>    <address>
<deliveryPoint>Les Rives d&apos;Auron - Allée Ménard</deliveryPoint><city>Bourges</city><postalCode>18000</postalCode><country>FRANCE</country>    </address>
<phone>02 48 65 37 34</phone><electronicMailAddress>ludovic.besson@ville-bourges.fr</electronicMailAddress><onlineUrl>http://www.museum-bourges.net/</onlineUrl>    <role>CONTENT_PROVIDER</role>
    </associatedParty>
    <associatedParty>
    <individualName>
<givenName>Patricia</givenName>        <surName>Rodrigues</surName>
    </individualName>
<organizationName>Instituto de Investigação Científica Tropical</organizationName><positionName>Researcher</positionName>    <address>
<deliveryPoint>Trav Conde da Ribeira 9</deliveryPoint><city>Lisboa</city><postalCode>1300-142</postalCode><country>PORTUGAL</country>    </address>
<phone>+351-213616340</phone><electronicMailAddress>patriciarodrigues@cibio.up.pt</electronicMailAddress>    <role>CONTENT_PROVIDER</role>
    </associatedParty>
    <associatedParty>
    <individualName>
<givenName>Herbert</givenName>        <surName>Tushabe</surName>
    </individualName>
<organizationName>The National Biodiversity Data Bank</organizationName><positionName>Data Manager</positionName>    <address>
<deliveryPoint>DEM, PO Box 7298, Kampala.</deliveryPoint><city>Kampala</city><country>UGANDA</country>    </address>
<electronicMailAddress>htushabe@gmail.com</electronicMailAddress>    <role>CONTENT_PROVIDER</role>
    </associatedParty>
    <associatedParty>
    <individualName>
<givenName>Angelika</givenName>        <surName>Nelson</surName>
    </individualName>
<organizationName>Ohio State University</organizationName><positionName>Curator</positionName>    <address>
<country>UNITED_STATES</country>    </address>
<electronicMailAddress>nelson.794@osu.edu</electronicMailAddress><onlineUrl>http://tetrapods.osu.edu</onlineUrl>    <role>CONTENT_PROVIDER</role>
    </associatedParty>
    <associatedParty>
    <individualName>
<givenName>Henry</givenName>        <surName>van der Es</surName>
    </individualName>
<organizationName>Natural History Museum Rotterdam</organizationName><positionName>Collection Manager</positionName>    <address>
<deliveryPoint>Westzeedijk 345</deliveryPoint><city>Rotterdam</city><postalCode>NL-3015 AA</postalCode><country>NETHERLANDS</country>    </address>
<phone>+31-(0)10-4364222</phone><electronicMailAddress>vanderes@hetnatuurhistorisch.nl</electronicMailAddress>    <role>CONTENT_PROVIDER</role>
    </associatedParty>
    <associatedParty>
    <individualName>
<givenName>Krista</givenName>        <surName>Fahy</surName>
    </individualName>
<organizationName>Santa Barbara Museum of Natural History</organizationName><positionName>Associate Curator</positionName>    <address>
<deliveryPoint>2559 Puesta del Sol</deliveryPoint><city>Santa Barbara</city><administrativeArea>CA</administrativeArea><postalCode>93105</postalCode>    </address>
<phone>+01 805-682-4711 (155)</phone><electronicMailAddress>kfahy@sbnature2.org</electronicMailAddress><onlineUrl>http://www.sbnature.org/</onlineUrl>    <role>CONTENT_PROVIDER</role>
    </associatedParty>
    <associatedParty>
    <individualName>
<givenName>Pablo</givenName>        <surName>Teta</surName>
    </individualName>
<organizationName>Museo Argentino de Ciencias Naturales &apos;Bernardino Rivadavia&apos;</organizationName><positionName>Curador</positionName>    <address>
<deliveryPoint>Av. Angel Gallardo 470</deliveryPoint><city>Ciudad Autónoma de Buenos Aires</city><administrativeArea>C.A.B.A.</administrativeArea><postalCode>C1405DJR</postalCode><country>ARGENTINA</country>    </address>
<phone>(5411) 4982-0306 / 1154 / 5243 / 4494</phone><electronicMailAddress>pteta@macn.gov.ar</electronicMailAddress>    <role>CONTENT_PROVIDER</role>
    </associatedParty>
    <associatedParty>
    <individualName>
<givenName>Jorge</givenName>        <surName>Williams</surName>
    </individualName>
<organizationName>Museo de La Plata</organizationName><positionName>Coordinador de Bases de Datos</positionName>    <address>
<deliveryPoint>Paseo del Bosque S/N</deliveryPoint><city>La Plata</city><administrativeArea>Buenos Aires</administrativeArea><postalCode>B1900FWA</postalCode><country>ARGENTINA</country>    </address>
<electronicMailAddress>williams@fcnym.unlp.edu.ar</electronicMailAddress><onlineUrl>http://www.fncym.unlp.edu.ar</onlineUrl>    <role>CONTENT_PROVIDER</role>
    </associatedParty>
    <associatedParty>
    <individualName>
<givenName>Larry</givenName>        <surName>Gall</surName>
    </individualName>
<organizationName>Yale Peabody Museum</organizationName><positionName>Head, Computer Systems Office</positionName>    <address>
<deliveryPoint>170 Whitney Avenue</deliveryPoint><city>New Haven</city><administrativeArea>CT</administrativeArea><postalCode>06511</postalCode><country>UNITED_STATES</country>    </address>
<phone>203-432-9892</phone><electronicMailAddress>lawrence.gall@yale.edu</electronicMailAddress><onlineUrl>htttp://www.peabody.yale.edu</onlineUrl>    <role>CONTENT_PROVIDER</role>
    </associatedParty>
    <associatedParty>
    <individualName>
<givenName>Charles</givenName>        <surName>Dardia</surName>
    </individualName>
<organizationName>Cornell University Museum of Vertebrates</organizationName><positionName>Collection Manager</positionName>    <address>
<deliveryPoint>159 Sapsucker Woods Road</deliveryPoint><city>Ithaca</city><administrativeArea>NY</administrativeArea><postalCode>14850-1923</postalCode><country>UNITED_STATES</country>    </address>
<phone>+1 607-254-2161</phone><electronicMailAddress>cmd7@cornell.edu</electronicMailAddress><onlineUrl>http://www.cumv.cornell.edu</onlineUrl>    <role>CONTENT_PROVIDER</role>
    </associatedParty>
    <associatedParty>
    <individualName>
<givenName>Jeroen</givenName>        <surName>Creuwels</surName>
    </individualName>
<organizationName>Naturalis Biodiversity Center</organizationName><positionName>Data manager</positionName>    <address>
<deliveryPoint>PO Box 9517</deliveryPoint><city>Leiden</city><administrativeArea>Zuid Holland</administrativeArea><postalCode>NL-2300 RA</postalCode><country>NETHERLANDS</country>    </address>
<phone>+31.71.7519600</phone><electronicMailAddress>informatiemanagement@naturalis.nl</electronicMailAddress><onlineUrl>http://science.naturalis.nl</onlineUrl>    <role>CONTENT_PROVIDER</role>
    </associatedParty>
    <associatedParty>
    <individualName>
<givenName>Ellen</givenName>        <surName>Stevens</surName>
    </individualName>
<organizationName>New York State Museum</organizationName><positionName>Collections Information Manager</positionName>    <address>
<deliveryPoint>3140 Cultural Education Center</deliveryPoint><city>Albany</city><administrativeArea>NY</administrativeArea><postalCode>12230</postalCode><country>UNITED_STATES</country>    </address>
<phone>518-408-1522</phone><electronicMailAddress>ellen.stevens@nysed.gov</electronicMailAddress><onlineUrl>http://www.nysm.nysed.gov/research-collections/biology/mammalogy/collections</onlineUrl>    <role>CONTENT_PROVIDER</role>
    </associatedParty>
    <associatedParty>
    <individualName>
<givenName>Bradley</givenName>        <surName>Millen</surName>
    </individualName>
<organizationName>Royal Ontario Museum</organizationName><positionName>Database Technician</positionName>    <address>
<deliveryPoint>100 Queen&apos;s Park</deliveryPoint><city>Toronto</city><administrativeArea>Ontario</administrativeArea><postalCode>M5S 2C6</postalCode><country>CANADA</country>    </address>
<phone>1-416-586-5768</phone><electronicMailAddress>bradm@rom.on.ca</electronicMailAddress>    <role>CONTENT_PROVIDER</role>
    </associatedParty>
    <associatedParty>
    <individualName>
<givenName>Christian</givenName>        <surName>Bohm</surName>
    </individualName>
<organizationName>Natural History Museum</organizationName><positionName>System administrator</positionName>    <address>
<city>Göteborg</city><country>SWEDEN</country>    </address>
<electronicMailAddress>christian.bohm@vgregion.se</electronicMailAddress>    <role>CONTENT_PROVIDER</role>
    </associatedParty>
    <associatedParty>
    <individualName>
<givenName>Curtis</givenName>        <surName>Schmidt</surName>
    </individualName>
<organizationName>Fort Hays State University, Sternberg Museum of Natural History</organizationName><positionName>Collections Manager</positionName>    <address>
<deliveryPoint>3000 Sternberg Drive</deliveryPoint><city>Hays</city><administrativeArea>KS</administrativeArea><postalCode>67601</postalCode><country>UNITED_STATES</country>    </address>
<phone>+01 785-650-2447</phone><electronicMailAddress>cjschmidt@fhsu.edu</electronicMailAddress><onlineUrl>http://sternberg.fhsu.edu/</onlineUrl>    <role>CONTENT_PROVIDER</role>
    </associatedParty>
    <associatedParty>
    <individualName>
<givenName>Ogoudje Isidore</givenName>        <surName>AMAHOWE</surName>
    </individualName>
<organizationName>Direction Générale des Eaux, Forêts et Chasse du Bénin</organizationName><positionName>Researcher</positionName>    <address>
<city>Cotonou</city><administrativeArea>Atlantique</administrativeArea><postalCode>229</postalCode><country>BENIN</country>    </address>
<phone>22994507890</phone><electronicMailAddress>ogoudje.amahowe@gmail.com</electronicMailAddress>    <role>CONTENT_PROVIDER</role>
    </associatedParty>
    <associatedParty>
    <individualName>
<givenName>Maureen</givenName>        <surName>Flannery</surName>
    </individualName>
<organizationName>California Academy of Sciences</organizationName><positionName>Collections Manager, Ornithology &amp; Mammalogy</positionName>    <address>
<deliveryPoint>55 Music Concourse Dr.</deliveryPoint><city>San Francisco</city><administrativeArea>CA</administrativeArea><postalCode>94118</postalCode><country>UNITED_STATES</country>    </address>
<phone>+1 (415) 379-5371</phone><electronicMailAddress>mflannery@calacademy.org</electronicMailAddress><onlineUrl>https://www.calacademy.org/staff/ibss/ornithology-and-mammalogy/maureen-moe-flannery</onlineUrl>    <role>CONTENT_PROVIDER</role>
    </associatedParty>
    <associatedParty>
    <individualName>
<givenName>Dominick</givenName>        <surName>Verschelde</surName>
    </individualName>
<organizationName>Ugent</organizationName>    <address>
<city>Ghent</city><country>BELGIUM</country>    </address>
<electronicMailAddress>dominick.verschelde@ugent.be</electronicMailAddress>    <role>CONTENT_PROVIDER</role>
    </associatedParty>
    <associatedParty>
<organizationName>Estonian Museum of Natural History</organizationName>    <address>
<country>ESTONIA</country>    </address>
    <role>CONTENT_PROVIDER</role>
    </associatedParty>
    <associatedParty>
    <individualName>
<givenName>Cindy</givenName>        <surName>Opitz</surName>
    </individualName>
<organizationName>University of Iowa Museum of Natural History</organizationName><positionName>Collections Manager</positionName>    <address>
<deliveryPoint>11 Macbride Hall</deliveryPoint><city>Iowa City</city><administrativeArea>IA</administrativeArea><postalCode>52242</postalCode><country>UNITED_STATES</country>    </address>
<phone>+01 319-335-0481</phone><electronicMailAddress>cindy-opitz@uiowa.edu</electronicMailAddress><onlineUrl>http://mnh.uiowa.edu</onlineUrl>    <role>CONTENT_PROVIDER</role>
    </associatedParty>
    <associatedParty>
    <individualName>
<givenName>Ildiko</givenName>        <surName>Szabo</surName>
    </individualName>
<organizationName>University of British Columbia Beaty Biodiversity Museum</organizationName><positionName>Assistant Curator</positionName>    <address>
<deliveryPoint>2212 Main Mall</deliveryPoint><city>Vancouver</city><administrativeArea>BC</administrativeArea><postalCode>V6T 1Z4</postalCode><country>CANADA</country>    </address>
<electronicMailAddress>ildiko@zoology.ubc.ca</electronicMailAddress><onlineUrl>http://beatymuseum.ubc.ca/collections/vertebrate</onlineUrl>    <role>CONTENT_PROVIDER</role>
    </associatedParty>
    <associatedParty>
    <individualName>
<givenName>Heather</givenName>        <surName>Prestridge</surName>
    </individualName>
<organizationName>Texas A&amp;M University Biodiversity Research and Teaching Collections</organizationName><positionName>Curator</positionName>    <address>
<deliveryPoint>Department of Wildlife and Fisheries Sciences, TAMU 2258</deliveryPoint><city>College Station</city><administrativeArea>TX</administrativeArea><postalCode>77843</postalCode><country>UNITED_STATES</country>    </address>
<phone>+01 (979) 845-5783</phone><electronicMailAddress>hlprestridge@tamu.edu</electronicMailAddress><onlineUrl>http://brtc.tamu.edu</onlineUrl>    <role>CONTENT_PROVIDER</role>
    </associatedParty>
    <associatedParty>
<organizationName>OZCAM (Online Zoological Collections of Australian Museums) Provider</organizationName><onlineUrl>http://www.ozcam.org.au/</onlineUrl>    <role>CONTENT_PROVIDER</role>
    </associatedParty>
    <associatedParty>
    <individualName>
<givenName>Isidore Ogoudje</givenName>        <surName>AMAHOWE</surName>
    </individualName>
<organizationName>Direction Générale des Eaux, Forêts et Chasse</organizationName><positionName>Research assistant</positionName>    <address>
<city>Cotonou</city><administrativeArea>Littoral</administrativeArea><country>BENIN</country>    </address>
<phone>+22994507890</phone><electronicMailAddress>ogoudje.amahowe@gmail.com</electronicMailAddress>    <role>CONTENT_PROVIDER</role>
    </associatedParty>
    <associatedParty>
<organizationName>Natural History Museum</organizationName>    <address>
<city>Oslo</city><country>NORWAY</country>    </address>
    <role>CONTENT_PROVIDER</role>
    </associatedParty>
    <associatedParty>
    <individualName>
<givenName>Bradley</givenName>        <surName>Millen</surName>
    </individualName>
<organizationName>Royal Ontario Museum</organizationName><positionName>Associate Curator</positionName>    <address>
<deliveryPoint>100 Queen&apos;s Park</deliveryPoint><city>Toronto</city><administrativeArea>Ontario</administrativeArea><postalCode>M5S 2C6</postalCode><country>CANADA</country>    </address>
<phone>1-416-586-5768</phone><electronicMailAddress>bradm@rom.on.ca</electronicMailAddress>    <role>CONTENT_PROVIDER</role>
    </associatedParty>
    <associatedParty>
    <individualName>
<givenName>Patrick</givenName>        <surName>Druckenmiller</surName>
    </individualName>
<organizationName>University of Alaska Museum</organizationName><positionName>Curator of Earth Sciences</positionName>    <address>
<deliveryPoint>907 Yukon Drive</deliveryPoint><city>Fairbanks</city><administrativeArea>AK</administrativeArea><postalCode>99775-6960</postalCode><country>UNITED_STATES</country>    </address>
<phone>(907) 474-6954</phone><electronicMailAddress>psdruckenmiller@alaska.edu</electronicMailAddress><onlineUrl>http://www.uaf.edu/museum/collections/earth/staff/</onlineUrl>    <role>CONTENT_PROVIDER</role>
    </associatedParty>
    <associatedParty>
<organizationName>OZCAM (Online Zoological Collections of Australian Museums) Provider</organizationName><onlineUrl>http://www.ozcam.org.au/</onlineUrl>    <role>CONTENT_PROVIDER</role>
    </associatedParty>
    <associatedParty>
    <individualName>
<givenName>Meredith</givenName>        <surName>Mahoney</surName>
    </individualName>
<organizationName>Illinois State Museum</organizationName><positionName>Assistant Curator of Zoology</positionName>    <address>
<deliveryPoint>1011 E. Ash Street</deliveryPoint><city>Springfield</city><administrativeArea>Illinois</administrativeArea><postalCode>62703</postalCode><country>UNITED_STATES</country>    </address>
<phone>217-785-4843</phone><electronicMailAddress>mjmahoney@museum.state.il.us</electronicMailAddress><onlineUrl>http://www.museum.state.il.us</onlineUrl>    <role>CONTENT_PROVIDER</role>
    </associatedParty>
    <associatedParty>
<organizationName>The Natural History Museum, London</organizationName><electronicMailAddress>data@nhm.ac.uk</electronicMailAddress><onlineUrl>http://data.nhm.ac.uk</onlineUrl>    <role>CONTENT_PROVIDER</role>
    </associatedParty>
    <associatedParty>
    <individualName>
        <surName>Darwin ICT</surName>
    </individualName>
<organizationName>Royal Belgian Institute of Natural Sciences</organizationName>    <address>
<deliveryPoint>Rue Vautier straat, 29</deliveryPoint><city>Bruxelles/Brussels</city><postalCode>1000</postalCode><country>BELGIUM</country>    </address>
<electronicMailAddress>darwin-ict@naturalsciences.be</electronicMailAddress>    <role>CONTENT_PROVIDER</role>
    </associatedParty>
    <associatedParty>
    <individualName>
<givenName>Armand</givenName>        <surName>KINGBO</surName>
    </individualName>
<organizationName>Laboratory of Forest Sciences</organizationName><positionName>Scientist</positionName>    <address>
<city>Abomey-Calavi</city><administrativeArea>Atlantique</administrativeArea><postalCode>229</postalCode><country>BENIN</country>    </address>
<phone>96269768</phone><electronicMailAddress>armandkingbo@gmail.com</electronicMailAddress>    <role>CONTENT_PROVIDER</role>
    </associatedParty>
    <associatedParty>
    <individualName>
<givenName>Larry</givenName>        <surName>Gall</surName>
    </individualName>
<organizationName>Yale Peabody Museum</organizationName><positionName>Head, Computer Systems Office</positionName>    <address>
<deliveryPoint>170 Whitney Avenue</deliveryPoint><city>New Haven</city><administrativeArea>CT</administrativeArea><postalCode>06511</postalCode><country>UNITED_STATES</country>    </address>
<phone>203-432-9892</phone><electronicMailAddress>lawrence.gall@yale.edu</electronicMailAddress><onlineUrl>http://www.peabody.yale.edu</onlineUrl>    <role>CONTENT_PROVIDER</role>
    </associatedParty>
    <associatedParty>
<organizationName>OZCAM (Online Zoological Collections of Australian Museums) Provider</organizationName><onlineUrl>http://www.ozcam.org.au/</onlineUrl>    <role>CONTENT_PROVIDER</role>
    </associatedParty>
    <associatedParty>
    <individualName>
<givenName>John</givenName>        <surName>Demboski</surName>
    </individualName>
<organizationName>Denver Museum of Nature &amp; Science</organizationName><positionName>Curator of Vertebrate Zoology</positionName>    <address>
<deliveryPoint>2001 Colorado Blvd.</deliveryPoint><city>Denver</city><administrativeArea>CO</administrativeArea><postalCode>80205-5798</postalCode><country>UNITED_STATES</country>    </address>
<phone>+01 303-373-6443</phone><electronicMailAddress>john.demboski@dmns.org</electronicMailAddress><onlineUrl>http://www.dmns.org/science/museum-scientists/john-demboski/</onlineUrl>    <role>CONTENT_PROVIDER</role>
    </associatedParty>
    <associatedParty>
    <individualName>
<givenName>Ben</givenName>        <surName>Norton</surName>
    </individualName>
<organizationName>North Carolina Museum of Natural Sciences</organizationName><positionName>Collections Data Curator</positionName>    <address>
<deliveryPoint>11 West Jones Street</deliveryPoint><city>Raleigh</city><administrativeArea>NC</administrativeArea><postalCode>27601</postalCode><country>UNITED_STATES</country>    </address>
<phone>919-707-9947</phone><electronicMailAddress>ben.norton@naturalsciences.org</electronicMailAddress>    <role>CONTENT_PROVIDER</role>
    </associatedParty>
    <associatedParty>
<organizationName>OZCAM (Online Zoological Collections of Australian Museums) Provider</organizationName><onlineUrl>http://www.ozcam.org.au/</onlineUrl>    <role>CONTENT_PROVIDER</role>
    </associatedParty>
    <associatedParty>
    <individualName>
<givenName>Cody</givenName>        <surName>Thompson</surName>
    </individualName>
<organizationName>University of Michigan Museum of Zoology</organizationName><positionName>Mammal Collection Manager &amp; Assistant Research Scientist</positionName>    <address>
<deliveryPoint>1109 Geddes Avenue</deliveryPoint><city>Ann Arbor</city><administrativeArea>Michigan</administrativeArea><postalCode>48109</postalCode><country>UNITED_STATES</country>    </address>
<phone>(734) 615-2810</phone><electronicMailAddress>cwthomp@umich.edu</electronicMailAddress><onlineUrl>http://www.lsa.umich.edu/ummz/mammals</onlineUrl>    <role>CONTENT_PROVIDER</role>
    </associatedParty>
    <associatedParty>
    <individualName>
<givenName>Rick</givenName>        <surName>Feeney</surName>
    </individualName>
<organizationName>Natural History Museum of Los Angeles County</organizationName><positionName>Fishes Collection Manager</positionName>    <address>
<deliveryPoint>900 Exposition Blvd.</deliveryPoint><city>Los Angeles</city><administrativeArea>CA</administrativeArea><postalCode>90007</postalCode><country>UNITED_STATES</country>    </address>
<phone>+01 213 763 3374</phone><electronicMailAddress>rfeeney@nhm.org</electronicMailAddress><onlineUrl>http://www.nhm.org/</onlineUrl>    <role>CONTENT_PROVIDER</role>
    </associatedParty>
    <associatedParty>
    <individualName>
<givenName>Jake</givenName>        <surName>Esselstyn</surName>
    </individualName>
<organizationName>Louisiana State University Museum of Natural Science</organizationName><positionName>Curator</positionName>    <address>
<deliveryPoint>119 Foster Hall</deliveryPoint><city>Baton Rouge</city><administrativeArea>LA</administrativeArea><postalCode>70803</postalCode><country>UNITED_STATES</country>    </address>
<phone>+01 225-578-3083</phone><electronicMailAddress>esselstyn@lsu.edu</electronicMailAddress><onlineUrl>http://appl003.lsu.edu/natsci/lmns.nsf/index</onlineUrl>    <role>CONTENT_PROVIDER</role>
    </associatedParty>
    <associatedParty>
    <individualName>
<givenName>Isidore Ogoudje</givenName>        <surName>AMAHOWE</surName>
    </individualName>
<organizationName>Direction Générale des Eaux, Forêts et Chasse</organizationName><positionName>Research assistant</positionName>    <address>
<city>Cotonou</city><administrativeArea>Littoral</administrativeArea><postalCode>229</postalCode>    </address>
<phone>+22994507890</phone><electronicMailAddress>ogoudje.amahowe@gmail.com</electronicMailAddress>    <role>CONTENT_PROVIDER</role>
    </associatedParty>
    <associatedParty>
    <individualName>
<givenName>Donald R.</givenName>        <surName>Yêhouénou Tessi</surName>
    </individualName>
<organizationName>Laboratory of Forest Sciences. University of Abomey-Calavi</organizationName><positionName>Research assistant</positionName>    <address>
<city>Calavi</city><administrativeArea>Atlantique</administrativeArea><postalCode>229</postalCode><country>BENIN</country>    </address>
<phone>+22997696308</phone><electronicMailAddress>tdonald3@yahoo.fr</electronicMailAddress>    <role>CONTENT_PROVIDER</role>
    </associatedParty>
    <associatedParty>
    <individualName>
<givenName>Shelton Pleasant</givenName>        <surName>Applegate</surName>
    </individualName>
<organizationName>Universidad Nacional Autónoma de México
. Instituto de Geología
. Departamento de Paleontología</organizationName><positionName>Responsable</positionName>    <address>
<city>México</city><administrativeArea>Distrito Federal</administrativeArea><postalCode>04510</postalCode><country>MEXICO</country>    </address>
<phone>Tel 622 4280, 622 4281  Fax 550 8432, 622 4317, 622 4296</phone>    <role>CONTENT_PROVIDER</role>
    </associatedParty>
    <associatedParty>
    <individualName>
<givenName>Tom</givenName>        <surName>Trombone</surName>
    </individualName>
<organizationName>American Museum of Natural History</organizationName><positionName>Data Manager</positionName>    <address>
<deliveryPoint>Central Park West at 79th Street</deliveryPoint><city>New York</city><administrativeArea>NY</administrativeArea><postalCode>10024</postalCode><country>UNITED_STATES</country>    </address>
<phone>+01 212-313-7783</phone><electronicMailAddress>trombone@amnh.org</electronicMailAddress><onlineUrl>http://www.amnh.org/</onlineUrl>    <role>CONTENT_PROVIDER</role>
    </associatedParty>
      <pubDate>
      2017-09-16
      </pubDate>
    <language>ENGLISH</language>
    <abstract>
        <para>A dataset containing all occurrences available in GBIF matching the query:
TaxonKey: Panthera leo (Linnaeus, 1758)
The dataset includes records from the following constituent datasets. The full metadata for each constituent is also included in this archive:
1 records from UAZ Mammals
1 records from Occurrence of mammalia relicts at site Pestera Magura
1 records from Museu de Ciències Naturals de Barcelona: MCNB-Tissue
1 records from Occurrence of mammalia relicts at site Brühl 1
1 records from Occurrence of mammalia relicts at site Conturines Höhle
1 records from Occurrence of mammalia relicts at site Wildenscheuer Cave
1 records from Occurrence of mammalia relicts at site Große Ofnethöhle
1 records from University of Alberta Museum of Zoology Mammalogy Collection (UAMZ)
1 records from Occurrence of mammalia relicts at site Einhornhöhle
1 records from Occurrence of mammalia relicts at site Risovaca
1 records from Occurrence of mammalia relicts at site Geißenklösterle
1 records from TTU Mammals Collection
1 records from Occurrence of mammalia relicts at site Erdhöhle
1 records from UAM Mammal Collection (Arctos)
1 records from Tissues Specimens
1 records from Occurrence of mammalia relicts at site Crayford
1 records from Occurrence of mammalia relicts at site Istalloskö
1 records from Animal observations
1 records from Occurrence of mammalia relicts at site Tokod-Nagyberek
1 records from Occurrence of mammalia relicts at site Krapina
1 records from Occurrence of mammalia relicts at site Nietoperzowa
1 records from Occurrence of mammalia relicts at site Dorog
1 records from Vertebrate Paleontology Division, Yale Peabody Museum
1 records from Occurrence of mammalia relicts at site Pestera Livadita
1 records from Occurrence of mammalia relicts at site Hofstade
1 records from Occurrence of mammalia relicts at site Barova Cave
1 records from Occurrence of mammalia relicts at site Koziarna Cave
1 records from Occurrence of mammalia relicts at site Spitzbubenhöhle
1 records from Occurrence of mammalia relicts at site Burgtonna
1 records from Occurrence of mammalia relicts at site Sandalja II
1 records from Occurrence of mammalia relicts at site Kirkdale Cave
1 records from Queen Victoria Museum Art Gallery provider for OZCAM
1 records from Collection Paleontology - GPIT
1 records from Occurrence of mammalia relicts at site Dolni Vestonice
1 records from Occurrence of mammalia relicts at site Barrington
1 records from Occurrence of mammalia relicts at site Kalman Lambrecht Cave
1 records from Occurrence of mammalia relicts at site Niederlehme
1 records from Occurrence of mammalia relicts at site Predmosti
1 records from Occurrence of mammalia relicts at site Rotselaar
1 records from Occurrence of mammalia relicts at site Prekonoska Pecina
1 records from Occurrence of mammalia relicts at site Subalyuk
1 records from Occurrence of mammalia relicts at site Teufelsbrücke
1 records from Occurrence of mammalia relicts at site Erd
1 records from Occurrence of mammalia relicts at site Groß-Rohrheim
1 records from Occurrence of mammalia relicts at site Pavlov
1 records from Occurrence of mammalia relicts at site Joint Mitnor Cave
1 records from Occurrence of mammalia relicts at site Zigeunerfels
1 records from Occurrence of mammalia relicts at site Gamssulzenhöhle
1 records from Occurrence of mammalia relicts at site Großes Schulerloch
1 records from Occurrence of mammalia relicts at site Villa Seckendorff
1 records from Occurrence of mammalia relicts at site Picken´s Hole
2 records from Ibaraki Nature Museum, Mammals collection
2 records from Occurrence of mammalia relicts at site Tornewton Cave
2 records from Museu de Ciències Naturals de Barcelona: MCNB-Cord
2 records from Occurrence of mammalia relicts at site Climauti II
2 records from Occurrence of mammalia relicts at site Trafalgar Square
2 records from Occurrence of mammalia relicts at site Vindija
2 records from Occurrence of mammalia relicts at site Sirgenstein Cave
2 records from ISU Mammals
2 records from Auckland Museum Land Vertebrates Collection
2 records from Mammifères (sauf Chiroptères) du Muséum d&apos;Histoire Naturelle de la ville de Bourges (BOUM)
2 records from Ohio State University Tetrapod Division - Mammal Collection (OSUM)
2 records from SBMNH Vertebrate Zoology
2 records from Occurrence of mammalia relicts at site Igrita Cave
2 records from Occurrence of mammalia relicts at site Fuchsenloch
2 records from Herdengelhoehle taxa and datings
2 records from FHSM Mammals Collection
2 records from Occurrence of mammalia relicts at site Zemst Bos van A
2 records from Occurrence of mammalia relicts at site Zawalona Cave
2 records from Occurrence of mammalia relicts at site Pod hradem
2 records from Occurrence of mammalia relicts at site Jaskinia Niedwiedzia
2 records from Census of the animals of Benin
2 records from LSUMZ Mammals Collection
2 records from Propuesta para rescatar y conservar la paleobiota de la Cantera Tlayúa, en Tepexí de Rodríguez, Puebla: Fase II
3 records from Natural History Museum, University of Tartu
3 records from UCM Mammal Collection (Arctos)
3 records from Occurrence of mammalia relicts at site Sirgenstein
3 records from CRCM Vertebrate Collection
3 records from Palaeobiology - Vertebrate Comparative Osteology Collection - Royal Ontario Museum
3 records from Collection Mammalogie - ZSRO
3 records from Museums Victoria provider for OZCAM
3 records from Occurrence of mammalia relicts at site Weinberghöhlen/Mauern
3 records from PSM Vertebrates Collection
3 records from MSB Mammal Collection (Arctos)
3 records from NYSM Mammals
3 records from Estonian Museum of Natural History
3 records from Mammal collection, Natural History Museum, University of Oslo
3 records from Occurrence of mammalia relicts at site Vogelherd/Lonetal
3 records from Occurrence of mammalia relicts at site Pestera Cioarei
3 records from Occurrence of mammalia relicts at site Pestera Cioarei
3 records from NCSM Mammals Collection
3 records from Occurrence of mammalia relicts at site Pilisszanto 1
3 records from Occurrence of mammalia relicts at site Wallertheim
4 records from Occurrence of mammalia relicts at site Brillenhöhle
4 records from Mammal Collection
4 records from National Biodiversity Data Bank. Observation records, 1900-2014
4 records from CUMV Mammal Collection (Arctos)
4 records from SUI Vertebrate Collection
4 records from Cowan Tetrapod Collection - Mammals
4 records from UMMZ Mammal Collection
5 records from Occurrence of mammalia relicts at site Bocksteinschmiede
5 records from Hatikka Observation Database
5 records from Angelo State Natural History Collections (ASNHC) - Mammalogy Collection
5 records from Mammal collection of National Museum of Nature and Science
5 records from Occurrence of mammalia relicts at site Veternica
6 records from Queensland Museum provider for OZCAM
6 records from Occurrence of mammalia relicts at site Biedermann
6 records from UTEP Mammals (Arctos)
6 records from Census of the threatened species of Benin.
6 records from Colección de Mastozoología
6 records from Naturalis Biodiversity Center (NL) - Mammalia
6 records from Mammal specimen database of Kanagawa Prefectural Museum of Natural History
6 records from Occurrence of mammalia relicts at site Raj Cave
6 records from Fonoteca Zoológica, Museo Nacional de Ciencias Naturales, Madrid: MAMMALIA_FZ
7 records from Lund Museum of Zoology (MZLU)
8 records from Occurrence of mammalia relicts at site Stadel im Hohlenstein
8 records from Occurrence of mammalia relicts at site Grotte Scladina
9 records from Occurrence of mammalia relicts at site Velika Pecina
9 records from Collection of Occurrence data on mammal species during wildlife census in W Biosphere Reserve in 2013 and 2015. Data mobilized in the framework of the BID-AF2015-0030-SMA project of Isidore Amahowe
9 records from Collection of  occurrence data on animal species in  the Biosphere Reserve of Pendjari in 2001, 2004, and 2013. Data mobilized in the framework of the BID-AF2015-0030-SMA project of Isidore Amahowe
10 records from University of California Museum of Paleontology
10 records from Occurrence of mammalia relicts at site Pestera la Adam
12 records from UAM Earth Sciences Collection (Arctos)
12 records from Western Australian Museum provider for OZCAM
13 records from Anymals+plants - Citizen Science Data
13 records from Macaulay Library Audio and Video Collection
14 records from UWBM Mammalogy Collection
14 records from IICT Colecção Zoológica
14 records from SMNS Palaeontological collection - Fossil mammals
14 records from South Australian Museum Australia provider for OZCAM
15 records from Mammals Specimens
18 records from KUBI Mammalogy Collection
18 records from Natural History Museum Rotterdam (NL) - Chordata collection
18 records from Biodiversity Research and Teaching Collections - TCWC Vertebrates
21 records from Census of animal species in Biosphere Reserve of Pendjari. Data mobilzed in the framework of JRS Biodiversity Foundation funded project in Benin
21 records from ISM Mammalogy Collection
22 records from Collection Anatomie Histologie - SMF
22 records from The Mammalia Collection at the Staatssammlung für Anthropologie und Paläoanatomie München
23 records from Vertebrate Zoology Division - Mammalogy, Yale Peabody Museum
23 records from Data collected on animal species  through census using Kilometric Abundance Index (KAI) in Biosphere Reserve of W-Bénin. Data mobilized in the framework of JRS Biodiversity Foundation funded project in Benin
25 records from DMNS Mammal Collection (Arctos)
26 records from Naturalis Biodiversity Center (NL) - Museum collection digitized at storage unit level
26 records from MVZ Mammal Collection (Arctos)
26 records from LACM Vertebrate Collection
29 records from Museo Argentino de Ciencias Naturales &quot;Bernardino Rivadavia&quot; (MACN). Mammalogy National Collection (MACNMa)
30 records from MSU Mammalogy, Ornithology and Vertebrate Paleontology Collections
30 records from Australian Museum provider for OZCAM
30 records from Mammalogy Collection - Royal Ontario Museum
31 records from Mammals housed at MHNG, Geneva
32 records from Vertebrates of the Gothenburg Natural History Museum (GNM)
35 records from Ditsong National Museum of Natural History Collection: 1805-2008
35 records from Collection Mammalia SMF
39 records from Data on animal species  in  the Biosphere Reserve of W Bénin. Data mobilized in the framework of JRS Biodiversity Foundation funded project in Benin
43 records from Palaeobiology - Vertebrate Fossils Collection - Mammalia - Royal Ontario Museum
43 records from CAS Mammalogy (MAM)
48 records from Naturalis Biodiversity Center (NL) - Mammalia
49 records from Ghent  University - Zoology Museum - Vertebrate collection
57 records from List of animalia, fungi and plant species recorded through naturalist observations and research activities in Benin. Data mobilized in the framework of a JRS Biodiversity Foundation project of Benin
73 records from Paleobiology Database
77 records from Borror Lab of Bioacoustics (BLB), Ohio State University
83 records from Field Museum of Natural History (Zoology) Mammal Collection
83 records from The mammals collection (ZM) of the Muséum national d&apos;Histoire naturelle (MNHN - Paris)
88 records from RBINS DaRWIN
121 records from Bibliographic records of Angola mammals
171 records from NMNH Extant Specimen Records
188 records from Natural History Museum (London) Collection Specimens
227 records from Animal Sound Archive
242 records from AMNH Mammal Collections
246 records from naturgucker
512 records from MfN - Fossil vertebrates IV
549 records from iNaturalist Research-grade Observations
</para>
    </abstract>
      <contact>
    <individualName>
        <surName>GBIF Download Service</surName>
    </individualName>
<electronicMailAddress>support@gbif.org</electronicMailAddress>      </contact>

</dataset>

<additionalMetadata>
    <metadata>
      <gbif>
        <dateStamp>2017-09-16T20:31:14Z</dateStamp>
      <citation identifier="10.15468/dl.jkzelw">GBIF Occurrence Download 10.15468/dl.jkzelw</citation>
              <physical>
                  <objectName></objectName>
                  <characterEncoding>UTF-8</characterEncoding>
                  <dataFormat>
                      <externallyDefinedFormat>
                          <formatName>Darwin Core Archive</formatName>
                      </externallyDefinedFormat>
                  </dataFormat>
                  <distribution>
                      <online>
                          <url function="download">http://api.gbif.org/v1/occurrence/download/request/0008257-170826194755519.zip</url>
                      </online>
                  </distribution>
              </physical>
        </gbif>
    </metadata>
</additionalMetadata>

</eml:eml>
